a15,a14,a13,a12,a11,a10,a9,a8,a7,a6,a5,a4,a3,a2,a1,a0
b15,b14,b13,b12,b11,b10,b9,b8,b7,b6,b5,b4,b3,b2,b1,b0
c15,c14,c13,c12,c11,c10,c9,c8,c7,c6,c5,c4,c3,c2,c1,c0
d15,d14,d13,d12,d11,d10,d9,d8,d7,d6,d5,d4,d3,d2,d1,d0
e15,e14,e13,e12,e11,e10,e9,e8,e7,e6,e5,e4,e3,e2,e1,e0
f15,f14,f13,f12,f11,f10,f9,f8,f7,f6,f5,f4,f3,f2,f1,f0
g15,g14,g13,g12,g11,g10,g9,g8,g7,g6,g5,g4,g3,g2,g1,g0
h15,h14,h13,h12,h11,h10,h9,h8,h7,h6,h5,h4,h3,h2,h1,h0
i15,i14,i13,i12,i11,i10,i9,i8,i7,i6,i5,i4,i3,i2,i1,i0
j15,j14,j13,j12,j11,j10,j9,j8,j7,j6,j5,j4,j3,j2,j1,j0
k15,k14,k13,k12,k11,k10,k9,k8,k7,k6,k5,k4,k3,k2,k1,k0
l15,l14,l13,l12,l11,l10,l9,l8,l7,l6,l5,l4,l3,l2,l1,l0
